Game,LastHitter,BallX,BallY,BallZ,BallSpeed,AIPaddleZ,PlayerPaddleZ,Result
0,None,-0.35,1.34,0.09,26.00,-0.60,-8.71,AIScored
0,Player,-2.26,1.97,-0.26,26.00,-0.60,5.38,PlayerScored
0,Player,-2.21,1.97,0.13,26.00,-0.60,6.10,PlayerScored
0,Player,-1.72,1.85,-0.01,26.00,-0.60,6.64,PlayerScored
0,Player,-63.25,9.66,-8.05,26.01,-0.60,-7.99,PlayerScored
0,Player,-1.25,1.68,-0.16,26.00,-0.60,-7.36,PlayerScored
0,AI,0.48,3.03,-0.75,22.85,5.60,2.39,AIScored
0,Player,1.77,2.35,-0.30,24.86,3.70,5.37,PlayerScored
0,Player,-0.35,1.34,0.06,26.00,3.70,9.19,PlayerScored
0,Player,-2.11,1.97,0.64,26.00,1.60,9.63,PlayerScored
0,AI,2.19,1.97,0.64,26.00,8.30,9.73,AIScored
0,AI,-1.20,1.68,-0.34,26.00,-2.60,-9.29,AIScored
0,Player,1.77,2.36,-0.26,24.85,-2.60,-6.61,PlayerScored
0,AI,1.69,2.28,0.04,24.95,1.20,0.54,AIScored
0,AI,-2.06,1.96,-0.64,26.00,16.10,5.57,AIScored
0,Player,-2.09,1.96,0.54,26.00,-3.50,-5.81,PlayerScored
0,None,1.88,2.47,-0.26,24.84,-0.60,-3.57,AIScored
0,AI,1.89,2.48,-0.24,24.84,5.00,1.69,AIScored
0,AI,0.49,2.35,-0.53,23.08,0.80,-5.44,AIScored
0,AI,-0.02,1.21,-0.01,26.00,13.10,8.58,AIScored
0,Player,0.79,1.51,-0.07,26.00,13.10,-3.58,PlayerScored
0,Player,1.73,2.30,-0.39,24.90,13.10,-5.43,PlayerScored
0,Player,1.15,1.71,0.07,25.11,13.10,7.38,PlayerScored
0,Player,0.00,1.20,0.00,26.00,13.10,-10.00,PlayerScored
0,Player,2.47,1.99,0.41,26.00,13.10,-5.03,PlayerScored
0,Player,-1.14,1.66,0.40,26.00,13.10,-6.67,PlayerScored
0,Player,-1.56,1.81,0.31,26.00,13.10,-4.44,PlayerScored
0,AI,62.85,2.67,45.09,26.01,22.80,10.00,AIScored
0,AI,1.56,1.80,-0.04,26.00,-22.30,-8.70,AIScored
0,Player,1.85,2.42,-0.38,24.88,-13.40,-6.77,PlayerScored
0,Player,0.25,1.30,0.03,26.00,15.30,8.71,PlayerScored
1,AI,0.47,3.01,-0.65,22.78,-28.60,-8.66,AIScored
1,AI,-3.03,2.00,-0.75,26.00,-11.50,-5.80,AIScored
1,AI,0.25,1.30,-0.08,26.00,19.30,6.22,AIScored
1,AI,0.48,2.78,-0.59,22.79,2.40,-2.87,AIScored
1,Player,0.83,1.54,0.29,26.00,-10.60,-7.21,PlayerScored
0,None,0.50,2.49,-0.80,23.33,-0.60,-9.06,AIScored
0,None,0.48,2.95,-0.82,22.93,-0.60,5.81,AIScored
0,Player,-1.60,1.83,0.42,26.00,-0.60,7.09,PlayerScored
0,Player,-0.60,1.43,-0.03,26.00,-0.60,-1.59,PlayerScored
0,Player,1.15,1.71,0.02,25.10,-0.60,2.51,PlayerScored
0,Player,2.37,1.99,0.82,26.00,-0.60,10.00,PlayerScored
0,Player,-1.29,1.70,-0.12,26.00,-0.60,6.64,PlayerScored
0,None,-1.26,2.96,19.15,26.02,-0.60,1.94,AIScored
0,None,-0.71,2.97,-57.63,26.00,-0.60,-1.25,AIScored
0,AI,-2.44,1.98,-0.45,26.00,-0.60,0.00,AIScored
0,AI,-2.34,1.98,0.76,26.00,-0.60,0.00,AIScored
0,Player,-62.94,8.89,-25.21,26.02,-0.60,0.00,PlayerScored
0,Player,0.00,1.20,0.00,26.00,-0.60,0.00,PlayerScored
0,AI,0.00,1.20,0.00,26.00,-0.60,0.00,AIScored
0,AI,0.08,1.23,0.01,26.00,-0.60,0.00,AIScored
0,None,-2.25,1.97,-0.39,26.00,-0.60,-7.78,AIScored
0,Player,-0.72,1.48,0.10,26.00,-0.60,-17.40,PlayerScored
0,Player,0.74,1.49,0.19,26.00,-0.60,-17.34,PlayerScored
0,Player,-63.56,9.49,8.01,26.01,-0.60,7.95,PlayerScored
0,None,-1.84,2.00,-32.12,26.00,-0.60,-29.01,AIScored
0,AI,0.46,2.98,0.45,22.66,-0.60,1.07,AIScored
0,Player,2.17,1.97,0.78,26.00,-0.60,13.45,PlayerScored
0,AI,-2.13,1.96,-0.08,26.00,12.40,7.96,AIScored
0,AI,2.32,1.98,0.67,26.00,2.20,2.60,AIScored
0,AI,-2.10,1.96,0.04,26.00,0.80,0.13,AIScored
0,Player,0.00,1.20,0.00,26.00,23.20,-30.00,PlayerScored
0,Player,-1.69,1.85,-0.38,26.00,17.00,6.87,PlayerScored
0,Player,0.00,1.20,0.00,26.00,8.50,-30.00,PlayerScored
0,Player,0.51,2.45,-0.85,23.42,3.00,25.50,PlayerScored
0,AI,2.06,1.96,0.38,26.00,29.10,25.78,AIScored
0,Player,0.50,2.85,-0.92,23.07,28.10,-19.34,PlayerScored
0,None,0.76,1.50,0.18,26.00,-0.60,-20.93,AIScored
0,None,1.68,1.85,0.37,26.00,11.00,10.04,AIScored
0,AI,-2.02,1.96,0.48,26.00,18.40,5.80,AIScored
0,AI,-1.98,1.96,0.72,26.00,9.10,12.52,AIScored
0,AI,-0.68,1.46,-0.06,26.00,-9.30,-18.35,AIScored
0,AI,-2.14,1.97,0.40,26.00,6.30,-25.42,AIScored
0,Player,0.49,2.74,-0.79,23.00,11.90,46.59,PlayerScored
0,AI,-0.29,1.31,0.04,26.00,-4.50,-16.47,AIScored
0,AI,-47.99,11.57,-49.93,26.00,-40.30,-49.84,AIScored
0,Player,0.00,1.20,0.00,26.00,7.60,45.45,PlayerScored
0,AI,-2.12,1.96,0.37,26.00,5.40,27.61,AIScored
0,AI,-2.22,1.97,-0.09,26.00,-14.30,-41.49,AIScored
0,Player,1.74,2.33,0.18,24.83,-5.40,-7.67,PlayerScored
0,Player,-2.94,2.00,1.04,26.00,-0.60,19.09,PlayerScored
0,AI,0.00,1.20,0.00,26.00,-14.30,-28.11,AIScored
0,AI,-3.07,2.00,0.58,26.00,4.40,6.81,AIScored
0,AI,0.00,1.20,0.00,26.00,-19.90,-48.23,AIScored
0,AI,0.00,1.20,0.00,26.00,2.10,50.00,AIScored
0,Player,-2.19,1.97,-0.55,26.00,-6.40,-18.65,PlayerScored
0,AI,-0.05,1.22,0.01,26.00,-8.20,5.30,AIScored
0,AI,-2.06,1.96,-0.64,26.00,37.20,43.71,AIScored
0,AI,-0.89,1.54,-0.03,26.00,15.60,-0.52,AIScored
0,Player,-2.04,1.96,-0.56,26.00,13.40,38.26,PlayerScored
0,None,-63.12,0.18,-8.51,26.01,-0.60,-7.94,AIScored
0,AI,1.74,2.33,-0.15,24.83,-6.40,-3.88,AIScored
0,AI,0.55,1.41,0.09,26.00,-1.50,44.33,AIScored
0,AI,0.47,3.01,-0.64,22.77,-10.50,-7.30,AIScored
0,AI,1.05,1.62,-0.12,25.14,-16.50,-48.37,AIScored
0,AI,2.23,1.97,0.60,26.00,12.00,14.79,AIScored
0,AI,-1.04,1.60,0.00,26.00,-15.30,-49.09,AIScored
0,AI,-0.59,1.43,-0.07,26.00,-18.60,-46.84,AIScored
0,AI,1.82,2.38,-0.46,24.91,-13.80,-45.82,AIScored
0,AI,0.47,2.88,-0.49,22.70,19.70,44.70,AIScored
0,AI,0.49,2.35,-0.57,23.14,14.70,39.09,AIScored
0,Player,-1.49,1.79,-0.29,26.00,10.40,39.22,PlayerScored
0,AI,0.34,1.34,-0.10,26.00,-13.70,-49.24,AIScored
0,Player,1.56,1.81,0.38,26.00,-2.20,38.96,PlayerScored
0,Player,-0.85,1.53,0.02,26.00,-1.90,48.87,PlayerScored
0,Player,-2.08,1.96,0.51,26.00,-1.90,45.90,PlayerScored
1,AI,0.00,1.20,0.00,26.00,-13.60,-46.81,AIScored
1,AI,-2.20,1.97,-0.11,26.00,26.30,26.49,AIScored
1,Player,0.65,1.45,0.00,26.00,0.50,-45.32,PlayerScored
1,Player,0.46,2.92,0.46,22.67,-3.50,0.58,PlayerScored
0,None,0.00,1.20,0.00,26.00,6.90,-22.44,AIScored
0,None,-62.64,9.58,-10.41,26.02,-2.20,-10.31,AIScored
0,AI,-1.18,1.66,-0.15,26.00,6.60,15.70,AIScored
0,AI,-0.72,1.49,0.21,26.00,7.20,-12.34,AIScored
0,None,0.32,1.32,0.07,26.00,-0.60,-7.92,AIScored
0,AI,0.47,2.82,0.45,22.69,4.80,30.38,AIScored
0,AI,-2.17,1.97,0.30,26.00,-0.50,46.18,AIScored
0,AI,-63.28,3.92,1.34,26.01,16.20,1.46,AIScored
0,AI,0.33,1.33,0.00,26.00,13.70,10.41,AIScored
0,AI,-2.11,1.96,-0.22,26.00,7.10,3.26,AIScored
0,AI,0.49,2.73,-0.81,23.02,-5.40,-16.10,AIScored
0,AI,-0.36,1.34,-0.05,26.00,-5.70,-48.73,AIScored
0,AI,0.56,1.42,0.04,26.00,-3.50,-14.18,AIScored
0,AI,-1.98,1.96,0.70,26.00,10.30,4.29,AIScored
0,AI,2.04,1.96,0.59,26.00,11.50,8.71,AIScored
0,AI,-0.44,1.37,0.00,26.00,11.20,48.45,AIScored
0,AI,-2.12,1.97,-0.54,26.00,26.00,0.59,AIScored
0,AI,0.48,3.00,-0.84,22.93,16.90,1.26,AIScored
0,AI,-2.15,1.97,0.48,26.00,16.90,7.84,AIScored
0,AI,-1.55,1.80,-0.26,26.00,-7.20,-19.68,AIScored
0,AI,-1.09,1.62,-0.04,26.00,4.90,25.58,AIScored
0,AI,-2.39,1.98,0.08,26.00,4.90,1.34,AIScored
1,AI,-3.11,2.00,0.25,26.00,3.40,-10.87,AIScored
1,AI,-2.11,1.96,0.32,26.00,4.10,0.25,AIScored
1,AI,0.00,1.20,0.00,26.00,4.40,38.97,AIScored
0,None,-2.09,1.96,-0.25,26.00,-0.60,5.46,AIScored
0,AI,-2.09,1.96,-0.16,26.00,20.10,11.14,AIScored
0,AI,0.50,2.62,-0.88,23.16,20.80,12.06,AIScored
0,AI,-1.56,1.80,-0.20,26.00,9.40,-0.04,AIScored
0,AI,-2.11,1.96,0.35,26.00,6.40,14.12,AIScored
0,AI,1.09,1.63,0.19,26.00,-3.40,-5.11,AIScored
0,AI,-1.99,1.96,0.60,26.00,10.50,4.74,AIScored
0,AI,-2.08,1.97,-0.65,26.00,13.30,4.09,AIScored
0,AI,2.12,1.96,-0.05,26.00,-12.70,-43.08,AIScored
0,AI,-2.03,1.96,-0.70,26.00,17.20,12.84,AIScored
0,AI,0.46,2.83,0.34,22.62,17.50,46.56,AIScored
0,AI,-2.08,1.96,-0.49,26.00,-10.90,-18.15,AIScored
1,AI,-1.61,1.82,0.06,26.00,-20.00,-39.33,AIScored
0,None,0.50,2.27,-0.74,23.43,-0.60,15.28,AIScored
0,AI,1.72,2.29,-0.41,24.91,-0.60,2.99,AIScored
0,AI,0.46,2.84,0.36,22.63,12.00,45.84,AIScored
0,AI,1.64,1.83,0.00,26.00,11.20,20.26,AIScored
0,AI,0.49,2.30,-0.44,23.01,-7.90,-22.43,AIScored
0,AI,-1.58,1.84,-0.55,26.00,-7.90,-2.92,AIScored
0,AI,-2.06,1.96,-0.35,26.00,-7.90,-0.48,AIScored
0,AI,-2.02,1.96,0.50,26.00,18.20,14.67,AIScored
0,AI,-2.09,1.96,-0.12,26.00,4.90,-31.90,AIScored
0,AI,0.47,2.74,-0.47,22.72,12.90,43.07,AIScored
0,Player,2.05,1.96,0.61,26.00,4.90,46.88,PlayerScored
0,Player,-1.60,1.84,-0.50,26.00,16.10,46.20,PlayerScored
0,Player,-2.09,1.96,0.02,26.00,-1.80,-0.12,PlayerScored
0,Player,-1.02,1.61,-0.32,26.00,-40.00,-47.40,PlayerScored
0,Player,0.51,2.65,-0.92,23.19,6.10,-12.30,PlayerScored
0,AI,1.04,1.61,0.08,25.11,-7.40,2.86,AIScored
0,Player,1.73,2.31,-0.23,24.84,-6.50,-32.55,PlayerScored
0,Player,1.40,1.97,-0.29,25.04,11.60,47.27,PlayerScored
0,Player,0.47,2.76,0.30,22.61,2.20,-36.69,PlayerScored
0,Player,-1.53,1.80,-0.35,26.00,30.00,47.02,PlayerScored
0,Player,0.47,2.78,0.33,22.62,9.20,20.39,PlayerScored
0,Player,0.49,2.32,-0.44,23.00,0.40,-33.17,PlayerScored
0,None,-1.98,1.96,-0.72,26.00,-0.60,-11.56,AIScored
0,Player,0.48,2.35,-0.35,22.90,-0.60,16.90,PlayerScored
0,Player,1.73,2.33,-0.12,24.82,-9.20,-31.19,PlayerScored
0,Player,1.42,1.99,-0.21,25.00,2.80,-19.59,PlayerScored
0,Player,-2.03,1.96,-0.55,26.00,-6.70,-11.04,PlayerScored
0,Player,-1.56,1.80,-0.19,26.00,-6.70,1.10,PlayerScored
0,Player,2.10,1.96,0.41,26.00,-0.60,14.92,PlayerScored
0,Player,-2.13,1.96,-0.29,26.00,9.00,20.84,PlayerScored
0,AI,1.49,1.81,0.52,26.00,-5.10,12.42,AIScored
0,Player,1.42,1.99,-0.25,25.02,-5.10,40.28,PlayerScored
0,Player,-1.62,1.82,-0.07,26.00,-5.10,-23.46,PlayerScored
0,Player,1.44,2.02,0.07,24.96,-9.30,47.45,PlayerScored
0,Player,-1.58,1.83,0.49,26.00,-9.30,46.52,PlayerScored
0,AI,0.50,2.63,-0.90,23.18,10.30,0.18,AIScored
0,AI,11.50,-1.61,49.36,26.02,16.80,49.17,AIScored
0,Player,1.69,1.84,-0.01,26.00,14.20,45.27,PlayerScored
0,Player,-1.56,1.81,0.25,26.00,-4.30,-43.58,PlayerScored
0,Player,1.57,1.82,0.39,26.00,-9.60,-39.09,PlayerScored
0,AI,1.73,2.32,-0.18,24.83,25.60,22.24,AIScored
0,AI,-2.06,1.96,-0.44,26.00,-0.40,-0.40,AIScored
0,Player,-2.09,1.96,-0.24,26.00,-8.50,45.32,PlayerScored
0,AI,-2.08,1.96,-0.55,26.00,-25.90,-17.98,AIScored
0,Player,-2.07,1.96,-0.54,26.00,-0.90,4.68,PlayerScored
0,None,-2.14,1.96,0.03,26.00,-0.60,-4.80,AIScored
0,Player,1.43,2.00,-0.23,25.01,-0.60,-45.46,PlayerScored
0,AI,-2.12,1.97,-0.54,26.00,0.90,-9.63,AIScored
0,AI,-2.05,1.96,0.51,26.00,-1.00,-44.45,AIScored
0,Player,-2.09,1.96,0.27,26.00,-13.30,6.36,PlayerScored
0,None,0.50,2.68,-0.82,23.05,1.20,-20.16,AIScored
0,AI,1.76,2.34,-0.29,24.86,1.00,46.28,AIScored
0,Player,-2.05,1.97,0.73,26.00,-3.20,33.53,PlayerScored
0,AI,-2.02,1.96,0.66,26.00,23.20,11.96,AIScored
0,AI,0.48,2.31,0.29,22.86,2.20,13.85,AIScored
0,AI,0.50,2.28,-0.64,23.28,2.20,-12.01,AIScored
0,AI,-1.49,1.80,-0.47,26.00,3.10,6.60,AIScored
0,AI,-2.05,1.96,0.66,26.00,-0.60,0.84,AIScored
0,AI,-2.26,1.97,0.37,26.00,11.00,6.28,AIScored
0,AI,0.47,3.10,-0.80,18.84,10.90,21.27,AIScored
0,None,-2.48,1.98,0.18,26.00,-0.60,3.05,AIScored
0,None,-2.65,2.78,7.70,26.02,14.80,7.54,AIScored
0,AI,2.30,1.98,0.46,26.00,13.20,8.26,AIScored
0,None,-1.63,1.85,-0.56,26.00,9.20,-12.23,AIScored
0,AI,2.43,1.98,-0.01,26.00,7.00,10.03,AIScored
0,AI,-1.98,1.93,0.01,26.00,-13.70,-46.00,AIScored
0,None,-1.12,1.69,-0.36,24.00,-0.60,47.44,AIScored
0,AI,-1.45,1.82,-0.34,24.00,-0.60,-11.05,AIScored
0,AI,-2.11,1.97,-0.34,24.00,-0.60,6.68,AIScored
0,AI,1.79,1.93,0.34,24.00,-0.60,-12.07,AIScored
0,AI,-2.11,1.97,-0.11,24.00,-0.60,7.00,AIScored
0,AI,1.59,2.42,-0.23,22.67,8.80,4.54,AIScored
0,None,2.40,2.64,9.72,20.02,-0.60,9.80,AIScored
0,None,-63.63,13.25,-28.04,20.02,-12.50,-27.91,AIScored
0,AI,-1.07,2.04,0.95,19.20,20.50,26.57,AIScored
0,AI,1.60,1.98,-0.92,20.00,21.30,41.32,AIScored
0,AI,0.23,2.50,0.42,17.16,15.40,20.78,AIScored
0,AI,2.12,1.98,0.53,24.00,16.70,8.92,AIScored
0,AI,0.27,2.85,-0.22,18.85,10.90,37.95,AIScored
0,AI,-1.27,2.12,0.85,21.07,11.20,19.96,AIScored
0,AI,0.30,1.34,0.11,22.00,28.80,26.71,AIScored
0,AI,2.29,2.00,-1.31,22.00,21.20,33.96,AIScored
0,AI,0.35,2.28,-0.60,19.47,18.10,44.44,AIScored
0,AI,-1.74,1.98,-1.00,22.00,-1.40,-3.95,AIScored
0,None,-63.36,5.98,36.85,22.01,1.40,36.16,AIScored
0,None,-63.60,13.20,-29.20,22.01,-14.10,-29.24,AIScored
0,AI,-42.95,12.54,-49.67,22.01,-21.60,-49.41,AIScored
0,AI,1.68,1.96,0.57,22.00,-15.00,0.92,AIScored
0,AI,-1.91,1.97,-0.15,22.00,0.20,-0.35,AIScored
0,AI,-1.95,1.97,0.00,22.00,-3.10,-10.41,AIScored
0,AI,-1.79,1.97,0.43,22.00,8.40,4.85,AIScored
0,AI,1.76,1.97,0.52,22.00,18.00,0.59,AIScored
0,AI,1.71,1.97,0.79,22.00,17.40,14.44,AIScored
0,AI,-0.38,2.34,1.18,20.04,-4.50,-13.81,AIScored
0,AI,0.25,2.66,-0.26,17.96,30.00,37.67,AIScored
0,AI,1.76,1.97,0.38,21.00,0.70,-2.88,AIScored
0,AI,-1.72,1.97,-0.49,21.00,0.70,-25.55,AIScored
0,None,-1.68,1.96,-0.46,21.00,27.40,36.34,AIScored
0,AI,-0.81,1.63,-0.40,21.00,4.00,3.26,AIScored
0,AI,-2.03,1.99,0.10,21.00,2.40,7.75,AIScored
0,AI,0.26,2.56,0.10,17.91,2.40,2.35,AIScored
0,AI,-0.62,1.50,-0.07,21.00,29.10,20.55,AIScored
0,AI,0.31,2.36,-0.78,18.55,12.30,11.17,AIScored
0,AI,-1.31,2.36,0.73,19.79,-3.70,-3.39,AIScored
0,AI,-2.00,1.98,-0.17,21.00,-1.70,-0.23,AIScored
0,None,-1.32,2.37,0.75,19.79,8.30,-43.73,AIScored
0,AI,0.24,2.71,0.23,17.94,5.60,8.35,AIScored
0,AI,-2.03,1.99,0.00,21.00,-18.40,-25.59,AIScored
0,AI,-0.32,2.18,0.72,18.80,26.60,45.72,AIScored
0,AI,-2.02,1.99,0.14,21.00,2.40,-10.90,AIScored
0,Player,-0.23,1.31,-0.05,21.00,10.50,17.75,PlayerScored
0,AI,-1.07,1.71,0.04,21.00,6.10,6.29,AIScored
0,AI,0.25,2.66,-0.38,18.02,23.90,18.04,AIScored
0,Player,0.40,1.55,-0.08,18.55,23.70,23.16,PlayerScored
0,Player,0.26,1.32,0.05,21.00,39.00,34.24,PlayerScored
0,Player,-1.16,1.82,-0.62,21.00,39.00,0.20,PlayerScored
0,Player,-0.32,2.29,0.89,18.91,0.00,-30.13,PlayerScored
0,AI,-19.46,-1.54,-49.84,21.02,-6.50,-49.99,AIScored
0,AI,-0.32,2.31,0.91,18.77,-18.30,-33.63,AIScored
0,None,-1.74,1.96,-0.05,21.00,-12.70,-46.24,AIScored
0,Player,1.18,1.81,-0.50,20.96,25.90,18.95,PlayerScored
0,AI,0.24,2.70,0.09,17.91,25.90,10.47,AIScored
0,None,-0.65,1.51,0.13,21.00,11.90,19.42,AIScored
0,Player,-1.37,2.53,0.45,19.56,13.40,-10.18,PlayerScored
0,Player,0.29,2.48,-0.84,18.52,21.40,-11.45,PlayerScored
0,Player,-32.43,2.83,2.80,16.03,7.60,3.06,PlayerScored
0,None,-1.69,1.96,-0.21,21.00,-2.10,-31.92,AIScored
0,AI,0.25,2.66,-0.39,18.02,-7.30,-15.77,AIScored
0,AI,0.25,2.61,0.20,17.93,26.60,16.87,AIScored
0,AI,-1.36,2.47,0.63,19.67,10.70,8.87,AIScored
0,None,-63.44,-0.95,-24.45,21.02,40.10,-24.36,AIScored
0,AI,-0.38,1.45,0.20,19.13,6.70,-1.38,AIScored
0,AI,-1.74,1.96,-0.18,21.00,13.20,16.43,AIScored
0,AI,-1.67,1.98,-0.96,21.00,-32.30,-39.38,AIScored
0,Player,-17.36,3.16,10.09,21.80,25.60,10.27,PlayerScored
0,Player,-1.20,1.80,-0.38,21.00,-31.20,0.23,PlayerScored
0,AI,-1.28,2.37,0.45,19.59,-4.50,-41.82,AIScored
0,Player,1.52,1.97,0.86,21.00,23.90,15.50,PlayerScored
0,Player,-1.75,1.97,-0.18,21.00,7.90,-0.07,PlayerScored
0,AI,1.78,1.98,0.74,21.00,-4.70,-1.25,AIScored
0,Player,-1.32,2.46,0.35,19.53,10.30,0.25,PlayerScored
0,Player,-66.99,11.95,34.17,21.36,30.90,34.55,PlayerScored
0,Player,15.06,3.46,-6.70,24.91,20.00,-6.90,PlayerScored
0,Player,22.44,3.57,-1.89,25.02,2.10,-2.34,PlayerScored
0,Player,18.31,3.64,-3.25,24.37,11.20,-3.21,PlayerScored
0,None,-66.81,0.63,-33.28,24.00,40.10,-33.55,AIScored
0,None,-67.13,13.33,30.30,21.02,21.00,30.05,AIScored
0,Player,19.86,3.69,-1.66,24.28,3.30,-1.57,PlayerScored
0,Player,15.75,3.61,-6.06,24.68,2.50,-5.95,PlayerScored
0,Player,10.91,3.44,-5.78,25.48,27.10,-5.97,PlayerScored
0,Player,11.66,3.48,-6.17,24.33,27.10,-6.12,PlayerScored
0,None,-66.92,1.86,-27.40,23.54,40.10,-27.29,AIScored
0,AI,17.98,3.53,-4.46,24.38,13.30,-4.57,AIScored
0,AI,-66.94,13.38,-29.41,21.01,-13.80,-29.35,AIScored
0,AI,14.44,3.53,-6.93,25.46,25.40,-6.86,AIScored
0,AI,14.45,3.46,-5.39,24.60,23.90,-5.66,AIScored
0,Player,-33.21,3.62,6.58,26.00,15.50,6.74,PlayerScored
0,Player,-66.82,13.08,-38.16,21.15,11.40,-38.12,PlayerScored
0,AI,17.76,3.35,-2.33,24.20,11.40,-2.45,AIScored
0,AI,17.82,3.49,-4.50,24.67,13.10,-4.69,AIScored
0,Player,-33.90,3.56,4.42,25.90,9.50,4.46,PlayerScored
0,Player,-33.25,3.46,7.51,25.73,9.40,7.63,PlayerScored
0,Player,-34.85,3.70,0.73,25.81,2.00,0.76,PlayerScored
0,Player,-35.44,3.65,0.76,25.89,-4.60,0.89,PlayerScored
0,Player,-24.85,3.75,13.15,26.02,21.40,13.21,PlayerScored
0,Player,-33.67,3.56,6.23,25.94,10.50,6.49,PlayerScored
0,AI,20.55,3.53,-0.49,24.82,3.90,-1.10,AIScored
0,AI,21.28,3.26,-2.03,25.05,3.90,-3.94,AIScored
0,Player,-33.69,3.67,7.15,25.97,11.20,7.14,PlayerScored
0,AI,15.80,3.37,-6.35,25.53,15.70,-6.41,AIScored
0,AI,17.98,3.75,-5.78,24.73,15.70,-5.67,AIScored
0,Player,-67.39,12.42,32.75,21.20,18.90,32.54,PlayerScored
0,AI,19.55,3.58,-2.54,24.38,4.00,-3.02,AIScored
0,Player,-35.57,3.48,1.32,26.00,0.40,1.61,PlayerScored
0,AI,18.37,3.41,-4.94,24.52,12.30,-5.10,AIScored
0,Player,-34.85,4.07,0.68,26.01,7.60,0.78,PlayerScored
0,Player,-33.54,3.78,7.23,26.10,-5.10,7.14,PlayerScored
0,None,-66.95,1.77,-27.80,23.54,19.00,-27.94,AIScored
0,Player,-27.14,-0.55,-49.96,19.99,-12.20,-50.53,PlayerScored
0,AI,30.69,3.43,1.86,17.72,13.20,1.64,AIScored
0,None,-67.06,0.66,32.65,24.00,40.10,33.04,AIScored
0,None,-67.10,13.20,34.86,21.09,40.10,35.28,AIScored
0,Player,14.24,3.20,-1.10,19.60,2.20,-1.05,PlayerScored
0,Player,24.84,3.81,-9.11,19.04,4.40,-9.09,PlayerScored
0,AI,-30.14,10.20,50.84,21.72,25.30,51.16,AIScored
0,Player,-67.14,12.78,19.62,20.37,0.40,19.69,PlayerScored
0,Player,17.30,3.37,-26.72,20.17,-27.70,-27.15,PlayerScored
0,Player,-66.96,13.22,35.30,21.09,-27.20,35.72,PlayerScored
0,AI,-17.81,-0.05,43.96,21.89,22.20,44.20,AIScored
0,AI,-65.56,12.10,8.47,18.96,40.10,8.58,AIScored
0,Player,-66.98,5.22,15.80,22.48,40.10,15.74,PlayerScored
0,Player,-66.91,3.64,7.71,22.86,40.10,7.76,PlayerScored
0,Player,-66.95,13.23,9.85,21.07,40.10,11.30,PlayerScored
0,Player,-66.86,3.32,6.90,22.95,40.10,6.94,PlayerScored
0,Player,-66.79,13.36,-30.71,21.02,40.10,-30.85,PlayerScored
0,Player,-66.76,13.29,15.21,21.04,40.10,15.87,PlayerScored
0,Player,-66.97,13.32,16.37,21.03,40.10,16.45,PlayerScored
0,Player,-66.85,12.80,12.01,20.11,40.10,13.16,PlayerScored
0,Player,-66.87,13.39,-22.53,21.00,40.10,-22.50,PlayerScored
0,Player,-66.72,5.22,14.69,22.40,40.10,14.81,PlayerScored
0,Player,-66.79,4.68,13.67,22.56,40.10,13.78,PlayerScored
1,Player,-66.98,13.28,-33.42,21.06,40.10,-33.23,PlayerScored
1,Player,-67.06,13.19,-4.54,21.09,40.10,-4.92,PlayerScored
1,Player,-66.71,13.32,32.88,21.04,40.10,32.88,PlayerScored
1,Player,-66.96,13.23,9.53,21.07,40.10,9.77,PlayerScored
1,Player,-66.57,12.49,28.21,20.78,40.10,28.74,PlayerScored
1,Player,-66.92,12.71,13.49,20.16,40.10,13.52,PlayerScored
1,Player,-66.86,12.90,1.36,20.04,40.10,1.40,PlayerScored
1,Player,-66.97,13.28,-33.52,21.06,40.10,-33.48,PlayerScored
1,Player,-67.02,13.37,20.24,21.01,40.10,20.30,PlayerScored
1,Player,-67.42,13.27,-9.90,21.06,40.10,-10.51,PlayerScored
1,Player,-66.66,8.40,23.39,21.57,40.10,23.51,PlayerScored
2,Player,-66.74,12.36,31.82,21.04,40.10,32.04,PlayerScored
2,Player,-66.71,12.80,20.94,20.36,40.10,21.22,PlayerScored
2,Player,-66.97,7.59,22.16,21.84,40.10,22.23,PlayerScored
2,Player,-66.87,12.71,9.08,20.09,40.10,9.55,PlayerScored
2,Player,-66.93,13.38,29.40,21.01,40.10,29.56,PlayerScored
2,Player,-66.88,13.32,16.58,21.03,40.10,16.60,PlayerScored
2,Player,-66.81,13.18,-36.35,21.11,40.10,-36.38,PlayerScored
2,AI,-66.02,18.67,20.63,16.34,40.10,20.82,AIScored
2,Player,-66.95,6.23,18.18,22.14,40.10,18.33,PlayerScored
2,Player,-66.76,3.32,7.12,22.93,40.10,7.05,PlayerScored
2,Player,-66.95,3.10,5.88,23.03,40.10,5.88,PlayerScored
3,Player,-66.83,12.63,27.16,20.74,40.10,27.08,PlayerScored
3,Player,-67.07,13.32,15.73,21.03,40.10,16.57,PlayerScored
3,Player,-66.89,13.23,-10.05,21.07,40.10,-10.23,PlayerScored
3,Player,-66.88,13.32,16.63,21.03,40.10,16.72,PlayerScored
3,Player,-66.85,13.43,28.39,20.84,40.10,28.37,PlayerScored
3,Player,-66.97,12.79,14.86,20.16,40.10,14.80,PlayerScored
3,Player,-67.05,13.23,-8.84,21.07,40.10,-10.77,PlayerScored
3,Player,-67.08,13.27,-11.72,21.06,40.10,-12.14,PlayerScored
3,AI,-66.66,15.50,30.40,19.05,40.10,30.43,AIScored
3,Player,-67.23,12.85,15.30,20.22,40.10,15.43,PlayerScored
3,Player,-66.78,3.33,5.35,22.97,40.10,5.44,PlayerScored
3,Player,-66.95,12.91,10.09,20.10,40.10,10.21,PlayerScored
4,Player,-66.75,12.90,2.72,20.02,40.10,2.76,PlayerScored
4,Player,-66.75,6.90,19.78,21.89,40.10,19.89,PlayerScored
4,Player,-66.94,7.12,20.74,21.92,40.10,21.19,PlayerScored
4,Player,-66.70,12.87,23.08,20.48,40.10,23.08,PlayerScored
4,Player,-66.93,3.91,10.69,22.85,40.10,10.88,PlayerScored
4,Player,-66.55,12.20,32.73,21.09,40.10,33.02,PlayerScored
4,Player,-67.32,13.22,-5.57,21.09,40.10,-6.29,PlayerScored
0,None,-1.70,1.96,-0.25,21.00,40.10,7.20,AIScored
0,AI,-32.61,5.81,51.17,22.89,34.30,50.93,AIScored
0,Player,-66.78,18.69,16.10,19.68,14.60,16.48,PlayerScored
0,Player,-67.02,13.02,38.04,21.15,14.60,38.24,PlayerScored
0,Player,-66.94,13.32,-18.23,21.02,14.60,-18.68,PlayerScored
0,Player,-66.80,13.07,38.39,21.15,14.60,38.96,PlayerScored
0,AI,67.01,13.65,-22.92,22.32,22.70,-23.05,AIScored
0,AI,-30.16,3.55,38.86,21.49,27.30,38.74,AIScored
0,Player,-66.95,19.28,26.63,19.84,11.00,26.66,PlayerScored
0,AI,-12.34,3.60,19.86,20.85,11.00,20.38,AIScored
0,AI,-19.92,3.48,-9.69,19.09,7.40,-9.92,AIScored
0,None,-67.17,1.35,29.38,23.72,16.20,29.76,AIScored
0,AI,-18.20,3.51,38.63,21.01,17.90,38.86,AIScored
0,AI,-13.16,3.37,19.65,20.71,11.20,19.96,AIScored
0,AI,-67.17,13.24,-11.07,21.06,11.20,-11.26,AIScored
0,Player,-66.98,19.74,20.56,19.60,21.20,20.81,PlayerScored
0,Player,-67.12,13.25,-34.26,21.07,-18.30,-34.77,PlayerScored
0,AI,-13.23,3.52,22.60,20.59,15.90,22.99,AIScored
0,None,-59.55,-1.80,-25.52,10.37,-6.40,-26.59,AIScored
0,AI,-2.90,2.00,-3.67,2.42,-4.40,-3.78,AIScored
0,AI,-59.92,-1.80,-22.68,10.40,-12.70,-22.66,AIScored
0,AI,-59.40,-1.80,30.98,10.26,-12.70,31.34,AIScored
0,None,-66.41,-1.90,-26.63,20.34,40.10,-26.39,AIScored
0,None,-65.65,-0.81,-1.61,16.48,40.10,-1.71,AIScored
0,Player,42.28,3.58,-27.61,25.43,2.20,-27.56,PlayerScored
0,Player,-61.64,-0.53,17.92,17.78,-23.20,18.22,PlayerScored
0,AI,-38.63,3.22,14.47,13.81,-2.80,14.42,AIScored
0,Player,-66.27,-1.12,35.48,23.22,20.50,35.42,PlayerScored
0,Player,-66.19,4.68,34.10,20.83,0.50,34.27,PlayerScored
0,Player,-66.23,15.19,8.23,15.21,-12.40,8.46,PlayerScored
0,AI,-38.10,3.79,5.70,15.83,12.30,5.72,AIScored
0,None,-59.22,-0.90,-28.10,16.48,-31.00,-28.10,AIScored
0,Player,5.58,2.97,-16.26,12.91,26.30,-16.36,PlayerScored
0,AI,-59.69,-0.14,1.59,17.98,23.00,1.18,AIScored
0,Player,-66.25,13.97,4.24,15.13,37.70,4.62,PlayerScored
0,Player,-66.33,12.13,15.92,16.35,11.80,16.37,PlayerScored
0,None,-57.26,-0.81,32.13,16.48,50.10,32.04,AIScored
0,AI,-35.79,3.31,34.23,15.44,20.50,34.49,AIScored
0,Player,-58.88,-0.74,6.62,16.59,12.40,6.82,PlayerScored
0,Player,-66.28,8.19,26.93,19.12,-2.60,27.58,PlayerScored
0,None,-66.42,12.72,12.52,15.24,18.10,13.44,AIScored
0,AI,-28.87,3.23,10.23,13.76,21.40,10.26,AIScored
0,AI,-35.04,3.23,16.01,14.26,7.20,16.09,AIScored
0,Player,-66.06,-1.30,5.68,22.07,-4.10,5.98,PlayerScored
0,AI,-65.89,12.59,15.75,14.07,32.30,15.76,AIScored
0,Player,-41.40,4.64,50.67,17.97,51.00,50.73,PlayerScored
0,AI,-49.86,9.72,49.97,23.79,45.60,49.99,AIScored
0,AI,-49.42,9.86,50.78,17.10,27.80,51.12,AIScored
0,Player,28.13,3.04,15.43,14.58,22.70,15.20,PlayerScored
0,AI,-30.71,3.20,34.47,14.88,28.50,34.91,AIScored
0,Player,-66.52,14.97,39.17,16.33,29.40,39.59,PlayerScored
0,Player,30.69,3.28,26.06,14.48,24.40,26.23,PlayerScored
0,None,-66.57,0.66,12.47,19.11,24.40,12.13,AIScored
0,Player,-50.51,16.40,50.68,14.56,24.40,50.81,PlayerScored
0,None,-32.90,-0.60,48.29,18.34,24.40,48.40,AIScored
0,Player,26.89,3.28,25.02,14.86,24.40,25.25,PlayerScored
0,AI,-32.94,3.17,17.22,14.54,13.30,17.47,AIScored
0,Player,-66.36,15.73,17.06,15.77,10.00,17.08,PlayerScored
0,Player,-50.19,3.01,32.91,15.98,32.40,32.53,PlayerScored
0,AI,-29.90,3.40,17.26,15.91,11.60,17.40,AIScored
0,Player,29.89,3.24,-17.47,14.78,13.50,-18.02,PlayerScored
0,Player,30.87,3.12,-29.95,15.40,8.20,-30.08,PlayerScored
0,AI,-30.81,3.27,25.83,16.01,15.20,25.84,AIScored
0,Player,32.15,3.38,-12.27,14.63,9.00,-12.42,PlayerScored
0,None,-66.29,-1.57,-19.09,20.11,9.00,-19.16,AIScored
0,AI,-34.36,3.35,26.41,14.93,23.40,26.42,AIScored
0,Player,-66.33,15.84,6.98,14.94,-0.40,8.23,PlayerScored
0,AI,-46.40,3.26,22.98,14.59,3.50,23.05,AIScored
0,Player,25.23,3.41,-19.68,15.77,9.20,-19.74,PlayerScored
0,AI,-36.43,2.68,-0.87,15.16,4.40,-0.62,AIScored
0,AI,-57.69,0.18,35.78,18.47,11.70,38.36,AIScored
0,AI,-54.80,-1.23,37.68,10.05,33.30,39.78,AIScored
0,AI,-28.62,3.36,0.12,15.76,9.50,-1.34,AIScored
0,AI,66.06,3.80,-12.10,21.40,7.30,-12.95,AIScored
0,AI,-41.82,2.71,19.78,11.19,17.30,21.27,AIScored
0,None,-66.57,0.59,-9.02,19.11,-0.10,-11.41,AIScored
0,None,-64.72,-0.56,29.34,16.88,-0.10,33.70,AIScored
0,Player,-58.01,-0.57,29.70,17.33,22.10,32.25,PlayerScored
0,AI,-32.97,3.20,25.93,15.71,19.30,27.40,AIScored
0,AI,66.20,1.24,-9.01,22.10,5.30,-11.30,AIScored
0,None,-66.39,-1.70,20.58,20.21,5.30,22.66,AIScored
0,Player,-56.77,-0.35,30.30,17.75,24.80,33.94,PlayerScored
0,AI,-30.42,3.37,11.59,15.25,4.40,16.84,AIScored
0,Player,-66.24,13.88,8.62,16.19,2.00,9.97,PlayerScored
0,Player,4.96,3.03,0.22,14.25,20.20,8.10,PlayerScored
0,Player,2.52,3.18,11.34,13.11,20.20,12.69,PlayerScored
0,Player,5.56,3.05,0.07,15.00,10.90,0.57,PlayerScored
0,Player,-59.29,-0.76,50.43,15.37,0.00,52.95,PlayerScored
0,Player,6.79,3.11,28.89,15.28,0.00,30.88,PlayerScored
0,Player,-40.83,3.10,3.47,15.28,6.50,5.75,PlayerScored
0,Player,24.95,2.76,13.19,14.83,6.50,14.34,PlayerScored
0,Player,2.38,3.14,-0.14,14.05,-8.70,2.89,PlayerScored
0,None,-64.19,-0.83,-13.68,16.48,0.00,-15.67,AIScored
0,None,-61.51,-0.65,35.36,16.88,0.00,37.54,AIScored
0,Player,6.40,3.05,36.48,14.54,19.10,37.06,PlayerScored
0,AI,38.05,3.10,-25.17,13.51,1.70,-26.47,AIScored
0,Player,8.63,3.69,-9.60,17.66,0.70,-10.56,PlayerScored
0,Player,-40.71,2.92,1.58,14.59,6.50,1.98,PlayerScored
0,Player,-48.29,3.27,7.55,16.03,10.90,9.61,PlayerScored
0,AI,-26.76,-0.21,45.76,17.19,8.40,48.16,AIScored
0,Player,10.96,3.74,10.72,18.61,-4.20,12.52,PlayerScored
0,AI,-32.15,3.39,39.85,15.28,29.30,41.57,AIScored
0,None,-66.18,1.15,7.07,18.84,29.30,6.99,AIScored
0,AI,-34.36,2.82,-10.68,15.52,-5.00,-12.84,AIScored
0,Player,-42.21,3.17,13.40,15.40,20.70,14.91,PlayerScored
0,Player,-59.39,-0.67,13.43,15.14,17.10,14.04,PlayerScored
0,Player,-58.29,-0.70,8.35,15.09,11.50,10.21,PlayerScored
0,Player,6.31,3.37,2.24,16.77,11.50,3.44,PlayerScored
0,Player,-42.75,3.09,6.33,14.94,11.50,8.21,PlayerScored
0,None,-65.01,-0.90,8.37,16.48,0.00,9.62,AIScored
0,Player,-42.76,2.99,-2.68,14.79,-1.70,-3.76,PlayerScored
0,AI,-54.08,-1.29,29.81,9.79,31.90,31.01,AIScored
0,Player,-48.22,3.25,23.43,16.96,25.80,26.24,PlayerScored
0,Player,-43.10,2.85,-21.86,14.46,-24.60,-23.26,PlayerScored
0,Player,-50.93,2.98,18.67,15.45,22.90,19.16,PlayerScored
0,Player,-37.49,3.04,17.65,15.08,23.10,19.71,PlayerScored
0,Player,-50.81,2.89,0.95,15.11,6.70,-0.75,PlayerScored
0,Player,-37.36,3.13,15.07,14.78,20.80,16.33,PlayerScored
0,Player,-49.57,2.83,-1.43,14.94,0.00,-2.26,PlayerScored
0,Player,-50.50,2.90,11.11,15.21,0.00,12.03,PlayerScored
0,None,-59.90,-0.91,-26.58,16.48,0.00,-29.01,AIScored
0,Player,-41.11,-0.56,-45.39,16.89,-15.00,-48.25,PlayerScored
0,AI,-27.85,3.20,6.23,15.08,0.90,7.67,AIScored
0,AI,-66.39,14.82,-30.57,15.40,-37.80,-31.00,AIScored
0,Player,-46.89,3.01,11.82,16.10,5.00,13.07,PlayerScored
0,AI,-27.28,3.25,-1.11,15.41,5.90,-1.30,AIScored
0,Player,-58.18,-0.35,-19.20,23.34,-22.90,-19.06,PlayerScored
0,AI,-7.30,2.94,-1.08,16.35,9.70,-3.52,AIScored
0,Player,-56.17,-0.47,32.96,18.35,29.20,35.79,PlayerScored
0,Player,-56.17,-0.75,20.98,17.02,25.10,21.27,PlayerScored
0,None,-66.24,-1.80,-21.48,17.53,-26.20,-23.67,AIScored
0,Player,-64.27,-0.54,28.25,18.04,-6.80,28.61,PlayerScored
0,AI,-46.39,3.11,18.68,14.34,-6.80,22.94,AIScored
0,None,-1.20,1.98,0.54,19.82,18.70,12.81,AIScored
0,None,-46.74,16.83,9.55,21.02,10.51,8.23,AIScored
0,None,-45.75,7.25,-31.40,16.48,-31.83,-29.92,AIScored
0,None,1.01,1.96,-0.32,19.82,16.85,10.09,AIScored
0,None,1.04,1.96,0.44,19.82,3.15,6.23,AIScored
0,None,-1.14,1.97,0.06,19.82,13.55,21.26,AIScored
0,None,-53.36,10.81,-3.47,19.70,-4.56,-2.71,AIScored
0,None,-1.04,1.97,0.41,19.82,7.61,-5.71,AIScored
0,None,-47.22,13.87,20.17,14.21,17.72,17.88,AIScored
0,None,-43.87,2.39,-19.12,21.02,-17.84,-16.98,AIScored
0,None,-1.22,1.98,0.12,19.82,31.21,29.63,AIScored
0,None,-51.79,23.72,14.36,21.02,10.84,16.61,AIScored
0,None,-38.81,11.37,12.40,20.12,12.35,11.47,AIScored
0,AI,-49.96,10.67,14.00,21.02,12.99,13.06,AIScored
0,None,1.29,1.98,0.21,19.82,-16.83,-24.45,AIScored
0,None,-1.14,1.96,-0.06,19.82,23.07,23.30,AIScored
0,None,-1.19,1.98,-0.57,19.82,31.56,29.55,AIScored
0,None,1.20,1.98,-0.55,19.82,-25.40,-25.27,AIScored
0,None,1.20,1.98,-0.47,19.82,-3.06,-3.13,AIScored
0,None,1.23,1.98,0.54,19.82,-6.39,-3.30,AIScored
0,None,-1.14,1.97,0.22,19.82,9.54,12.02,AIScored
0,None,-1.23,1.98,-0.24,19.82,24.44,18.88,AIScored
0,None,-66.80,-1.24,-22.01,21.02,-23.37,-20.99,AIScored
0,None,0.94,2.10,-0.08,15.14,17.73,17.75,AIScored
0,None,0.97,1.96,-0.51,19.82,-37.52,-40.14,AIScored
0,None,1.07,1.96,-0.16,19.82,46.89,49.89,AIScored
0,None,-1.01,1.96,-0.44,19.82,-15.87,-12.96,AIScored
0,None,-1.05,1.96,0.36,19.82,12.27,12.14,AIScored
0,None,1.05,1.96,-0.34,19.82,22.16,23.41,AIScored
0,None,-1.04,1.96,0.13,19.82,31.16,27.88,AIScored
0,None,-46.94,13.43,1.40,19.07,2.70,3.39,AIScored
0,None,-66.93,-0.68,14.89,21.02,15.31,12.14,AIScored
0,None,1.10,1.97,-0.19,19.82,7.36,8.61,AIScored
0,None,1.14,1.97,-0.43,19.82,11.22,13.59,AIScored
0,None,-23.31,6.60,49.27,21.02,50.00,49.61,AIScored
0,None,-1.04,1.96,0.34,19.82,24.18,22.61,AIScored
0,None,1.10,1.97,0.45,19.82,8.14,11.47,AIScored
0,None,-1.07,1.97,-0.38,19.82,-0.40,-10.82,AIScored
0,None,-34.95,31.68,17.19,21.02,12.84,15.93,AIScored
0,None,-45.65,27.57,6.68,21.02,2.32,3.66,AIScored
0,None,1.10,1.98,-0.58,19.82,6.12,4.91,AIScored
0,None,-43.04,33.42,7.43,21.02,0.82,7.61,AIScored
0,AI,-39.35,13.80,3.36,13.22,3.52,3.36,AIScored
0,None,-1.01,1.96,-0.36,19.82,14.32,11.83,AIScored
0,None,-35.81,27.84,-15.00,21.02,-16.63,-11.46,AIScored
0,None,-44.42,20.97,4.78,6.05,6.85,4.80,AIScored
0,None,1.16,1.97,-0.25,19.82,-28.80,-25.25,AIScored
0,None,-59.82,10.40,10.00,21.02,8.83,10.15,AIScored
0,None,-32.90,30.32,11.96,21.02,8.78,9.11,AIScored
0,None,1.06,1.96,-0.04,19.82,-4.57,-1.80,AIScored
0,None,1.12,1.97,0.14,19.82,2.21,1.07,AIScored
0,None,-1.01,2.23,0.10,15.14,-21.26,-17.16,AIScored
0,None,-1.02,1.96,0.30,19.82,49.20,46.39,AIScored
0,None,-49.03,26.77,5.07,21.02,-0.10,7.09,AIScored
0,None,-1.01,2.24,0.04,15.15,-29.94,-27.57,AIScored
0,None,1.21,1.98,0.43,19.82,50.00,48.98,AIScored
0,AI,-47.22,2.92,-14.22,19.99,-13.89,-15.26,AIScored
0,None,-53.44,14.66,-1.03,5.16,-2.00,-1.42,AIScored
0,None,1.32,2.02,-0.66,20.74,-16.68,-21.31,AIScored
0,None,-1.27,2.00,0.61,20.74,28.94,31.12,AIScored
0,None,1.19,1.99,0.61,20.74,36.11,32.34,AIScored
0,None,-1.33,1.99,-0.15,20.74,36.02,39.05,AIScored
0,None,-45.55,29.51,44.82,20.74,36.50,44.88,AIScored
0,None,-1.34,2.01,0.43,20.74,12.74,13.03,AIScored
0,None,1.37,2.00,-0.07,20.74,-4.90,4.14,AIScored
0,None,-1.39,2.00,-0.18,20.74,-26.26,-26.12,AIScored
0,None,1.16,2.03,-0.03,15.68,16.96,18.12,AIScored
0,None,-1.20,1.97,-0.43,20.74,-4.61,3.94,AIScored
0,None,1.40,2.00,-0.11,20.74,-13.20,-9.34,AIScored
0,None,0.85,2.27,0.23,14.87,-5.76,-6.06,AIScored
0,None,1.22,2.01,0.05,18.74,-8.01,-3.24,AIScored
0,None,-1.04,1.97,-0.30,18.74,-14.89,-18.12,AIScored
0,None,1.59,2.14,-0.75,18.70,24.26,15.51,AIScored
0,None,-1.05,1.98,-0.42,18.74,2.48,4.10,AIScored
0,None,-0.99,1.96,0.30,18.74,12.88,10.96,AIScored
0,None,-47.54,30.96,-1.58,18.74,-7.99,-2.14,AIScored
0,None,-43.97,11.33,-16.03,18.74,-17.95,-16.22,AIScored
0,None,1.47,2.75,0.80,24.55,14.54,16.87,AIScored
0,None,1.24,2.02,0.28,18.74,-27.51,-34.06,AIScored
0,None,-1.07,1.99,-0.44,18.74,-6.84,-13.39,AIScored
0,None,1.04,1.97,-0.19,18.74,-31.73,-34.11,AIScored
0,None,-1.13,2.02,-0.60,18.74,-15.99,-21.26,AIScored
0,None,-1.05,1.97,0.08,18.74,-3.09,-2.70,AIScored
0,None,1.09,1.99,-0.38,18.74,-11.97,-10.07,AIScored
0,None,-1.03,1.96,-0.19,18.74,6.99,10.50,AIScored
0,None,-1.12,2.00,-0.43,18.74,-8.90,-14.90,AIScored
0,None,-1.67,2.14,-0.55,18.70,1.90,-9.32,AIScored
0,None,0.93,1.96,0.47,18.74,-33.03,-33.05,AIScored
0,None,1.17,2.01,-0.36,18.74,-2.64,-0.94,AIScored
0,None,1.17,2.00,0.07,18.74,15.95,12.66,AIScored
0,None,-47.01,13.93,11.73,18.74,11.15,14.35,AIScored
0,None,1.21,2.04,0.58,18.74,1.93,2.18,AIScored
0,None,-1.19,2.00,-0.12,18.74,3.94,1.60,AIScored
0,None,-1.22,2.02,0.43,18.74,-5.70,-5.87,AIScored
0,None,1.03,1.96,0.16,18.74,-11.30,-10.52,AIScored
0,None,1.07,1.97,-0.03,18.74,-22.40,-23.94,AIScored
0,None,1.15,2.01,-0.49,18.74,18.37,17.20,AIScored
0,None,-1.05,2.01,-0.60,18.74,9.59,4.85,AIScored
0,None,-1.08,1.99,0.45,18.74,-5.58,-4.01,AIScored
0,None,1.17,2.00,-0.18,18.74,12.55,7.38,AIScored
0,None,-1.25,2.02,-0.16,18.74,17.69,16.35,AIScored
0,None,-1.24,2.01,0.03,18.74,19.09,19.85,AIScored
0,None,-1.05,1.96,-0.06,18.74,5.82,1.23,AIScored
0,None,1.26,2.02,0.02,18.74,16.51,10.92,AIScored
0,None,-46.98,11.74,3.60,18.74,3.08,2.55,AIScored
0,None,0.96,1.96,-0.43,18.74,-22.92,-25.93,AIScored
0,None,1.18,2.01,0.32,18.74,-26.18,-31.49,AIScored
0,None,-44.37,11.68,2.90,18.74,4.88,0.69,AIScored
0,None,1.09,1.97,-0.02,18.74,15.34,11.76,AIScored
0,None,-1.11,2.02,-0.61,18.74,-20.56,-22.86,AIScored
0,None,-1.00,1.98,0.46,18.74,7.30,7.40,AIScored
0,None,1.10,1.98,0.14,18.74,24.74,14.13,AIScored
0,None,1.04,1.98,-0.41,18.74,-9.42,-17.13,AIScored
0,None,-0.98,1.97,0.39,18.74,2.11,7.23,AIScored
0,None,1.07,2.01,0.58,18.74,-8.75,-7.34,AIScored
0,AI,-44.56,11.68,13.83,11.61,13.30,13.83,AIScored
0,None,-1.15,1.99,-0.11,18.74,5.06,3.20,AIScored
0,None,1.22,2.01,-0.03,18.74,15.23,8.59,AIScored
0,None,-0.95,1.97,0.50,18.74,47.60,49.09,AIScored
0,None,1.02,1.97,0.28,18.74,3.52,0.48,AIScored
0,None,0.97,1.96,-0.39,18.74,-33.02,-39.89,AIScored
0,None,1.10,1.98,-0.05,18.74,17.10,12.34,AIScored
0,None,-1.07,1.97,0.01,18.74,4.19,-3.13,AIScored
0,None,-1.01,1.96,-0.21,18.74,-0.53,-0.88,AIScored
0,None,1.23,2.01,-0.13,18.74,14.43,9.22,AIScored
0,None,-1.22,2.01,0.15,18.74,6.27,2.35,AIScored
0,None,1.07,1.98,0.28,18.74,20.54,18.94,AIScored
0,None,-1.05,1.96,-0.03,18.74,5.25,0.48,AIScored
0,None,-0.97,1.96,-0.38,18.74,-10.43,-8.95,AIScored
0,None,1.06,1.98,-0.35,18.74,-27.86,-26.36,AIScored
0,None,-1.10,1.98,0.05,18.74,8.76,10.73,AIScored
0,None,-1.22,2.01,0.18,18.74,-20.08,-20.84,AIScored
0,None,66.71,5.33,-20.22,18.74,-24.92,-27.91,AIScored
0,None,-46.64,11.80,-4.43,18.74,-3.62,-5.46,AIScored
0,None,-1.22,2.01,-0.27,18.74,0.00,6.46,AIScored
0,None,-1.26,1.99,-0.53,21.40,13.07,13.07,AIScored
0,None,-371.45,13.29,0.71,18.74,13.07,13.07,AIScored
0,None,-371.29,13.29,-0.21,18.74,13.07,13.07,AIScored
0,None,-371.37,13.40,-0.51,18.74,13.07,13.07,AIScored
0,None,-374.06,13.39,-0.66,18.74,13.07,13.07,AIScored
0,None,-371.34,13.40,0.37,18.74,13.07,13.07,AIScored
0,None,-371.30,13.40,0.25,18.74,13.07,13.07,AIScored
0,None,-371.31,13.40,-0.26,18.74,13.07,13.07,AIScored
0,None,-374.20,13.40,-0.25,18.74,13.07,13.07,AIScored
0,None,-373.48,13.42,0.37,18.79,13.07,13.07,AIScored
0,None,-371.27,13.41,-0.12,18.74,13.07,13.07,AIScored
0,None,-374.13,13.42,-0.34,18.79,13.07,13.07,AIScored
0,None,-374.20,13.41,-0.34,18.74,13.07,13.07,AIScored
0,None,-373.78,13.31,-0.44,18.79,13.07,13.07,AIScored
0,None,-374.16,13.42,0.20,18.79,13.07,13.07,AIScored
1,None,-373.82,13.30,-0.25,18.79,13.07,13.07,AIScored
1,None,-373.82,13.32,-0.41,18.79,13.07,13.07,AIScored
1,None,-372.75,13.00,0.00,0.00,13.07,13.07,AIScored
1,None,-371.66,13.31,0.10,18.79,13.07,13.07,AIScored
1,None,-373.46,13.42,-0.52,18.79,13.07,13.07,AIScored
1,None,-371.65,13.31,0.26,18.79,13.07,13.07,AIScored
1,None,-371.66,13.31,0.14,18.79,13.07,13.07,AIScored
1,None,-372.03,13.20,-0.07,18.84,13.07,13.07,AIScored
1,None,-373.73,13.31,-0.54,18.79,13.07,13.07,AIScored
1,None,-373.82,13.31,-0.09,18.84,13.07,13.07,AIScored
1,None,-371.72,13.31,-0.39,18.79,13.07,13.07,AIScored
1,None,-373.43,13.21,0.34,18.84,13.07,13.07,AIScored
1,None,-373.49,13.21,-0.02,18.84,13.07,13.07,AIScored
1,None,-372.01,13.21,0.15,18.84,13.07,13.07,AIScored
1,None,-371.76,13.32,-0.22,18.84,13.07,13.07,AIScored
1,None,-373.45,13.21,0.28,18.84,13.07,13.07,AIScored
1,None,-373.46,13.21,0.27,18.84,13.07,13.07,AIScored
1,None,-372.42,13.10,0.18,18.89,13.07,13.07,AIScored
1,None,-372.02,13.21,0.08,18.84,13.07,13.07,AIScored
1,None,-372.73,13.22,0.10,18.89,13.07,13.07,AIScored
1,None,-373.42,13.21,-0.34,18.84,13.07,13.07,AIScored
2,None,-372.47,13.14,-0.10,15.02,13.07,13.07,AIScored
2,None,-372.75,13.00,0.00,0.00,13.07,13.07,AIScored
2,None,-372.39,13.10,0.00,18.89,13.07,13.07,AIScored
2,None,-372.81,13.22,0.19,18.89,13.07,13.07,AIScored
2,None,-372.72,13.10,-0.15,8.89,13.07,13.07,AIScored
2,None,-373.15,13.12,-0.12,18.89,13.07,13.07,AIScored
2,None,-372.72,13.01,0.01,18.94,13.07,13.07,AIScored
2,None,-373.11,13.11,-0.13,18.89,13.07,13.07,AIScored
2,None,-372.41,13.11,-0.16,18.94,13.07,13.07,AIScored
2,None,-372.71,13.11,-0.10,6.74,13.07,13.07,AIScored
2,None,-372.79,13.01,-0.01,18.94,13.07,13.07,AIScored
2,None,-373.28,12.94,0.03,18.94,13.07,13.07,AIScored
2,None,-372.77,13.00,0.00,18.94,13.07,13.07,AIScored
2,None,-373.10,13.11,-0.17,18.94,13.07,13.07,AIScored
2,None,-372.75,13.01,0.00,5.71,13.07,13.07,AIScored
2,None,-372.79,13.01,0.00,18.94,13.07,13.07,AIScored
2,None,-372.76,13.00,0.00,0.39,13.07,13.07,AIScored
2,None,-372.75,13.00,0.00,0.00,13.07,13.07,AIScored
2,None,-372.75,13.00,0.00,0.00,13.07,13.07,AIScored
2,None,-372.75,13.00,0.00,0.00,13.07,13.07,AIScored
2,None,-372.75,13.01,-0.01,7.63,13.07,13.07,AIScored
3,None,-372.75,13.00,0.00,18.80,13.07,13.07,AIScored
3,None,-372.75,13.00,0.00,0.20,13.07,13.07,AIScored
3,None,-372.75,13.00,0.00,0.00,13.07,13.07,AIScored
3,None,-373.08,13.12,0.00,18.94,13.07,13.07,AIScored
3,None,-372.75,13.00,0.00,0.00,13.07,13.07,AIScored
3,None,-372.79,13.01,0.01,18.94,13.07,13.07,AIScored
3,None,-372.75,13.02,0.02,9.39,13.07,13.07,AIScored
3,None,-372.75,13.00,0.00,0.00,13.07,13.07,AIScored
3,None,-372.73,13.01,0.00,18.94,13.07,13.07,AIScored
3,None,-372.78,13.01,-0.01,18.94,13.07,13.07,AIScored
3,None,-372.75,13.00,0.00,0.00,13.07,13.07,AIScored
3,None,-372.74,13.02,-0.01,9.90,13.07,13.07,AIScored
3,None,-372.75,13.00,0.00,0.00,13.07,13.07,AIScored
3,None,-372.75,13.00,0.00,0.00,13.07,13.07,AIScored
3,None,-372.71,13.01,-0.01,18.94,13.07,13.07,AIScored
4,None,-372.78,13.01,0.01,18.94,13.07,13.07,AIScored
4,None,-372.75,13.00,0.00,0.00,13.07,13.07,AIScored
4,None,-372.79,13.01,0.00,18.94,13.07,13.07,AIScored
4,None,-372.75,13.00,0.00,0.00,13.07,13.07,AIScored
4,None,-372.75,13.00,0.00,0.00,13.07,13.07,AIScored
4,None,-372.74,13.01,0.01,18.94,13.07,13.07,AIScored
4,None,-372.75,13.00,0.00,18.94,13.07,13.07,AIScored
4,None,-372.75,13.00,0.00,0.00,13.07,13.07,AIScored
4,None,-372.77,13.01,0.00,18.94,13.07,13.07,AIScored
4,None,-372.75,13.00,0.00,0.00,13.07,13.07,AIScored
4,None,-372.75,13.00,0.00,0.00,13.07,13.07,AIScored
4,None,-372.77,13.00,0.00,18.94,13.07,13.07,AIScored
4,None,-372.77,13.01,0.01,18.94,13.07,13.07,AIScored
4,None,-372.75,13.00,0.00,0.00,13.07,13.07,AIScored
4,None,-372.75,13.00,0.00,0.00,13.07,13.07,AIScored
4,None,-372.75,13.00,0.00,0.00,13.07,13.07,AIScored
4,None,-372.75,13.00,0.00,0.00,13.07,13.07,AIScored
4,None,-372.77,13.01,0.01,18.94,13.07,13.07,AIScored
4,None,-372.75,13.00,0.00,0.20,13.07,13.07,AIScored
4,None,-372.75,13.00,0.00,0.00,13.07,13.07,AIScored
4,None,-372.75,13.00,0.00,0.00,13.07,13.07,AIScored
5,None,-372.75,13.00,0.00,0.00,13.07,13.07,AIScored
5,None,-372.75,13.00,0.00,0.00,13.07,13.07,AIScored
5,None,-372.78,13.01,0.00,18.94,13.07,13.07,AIScored
5,None,-372.75,13.00,0.00,0.20,13.07,13.07,AIScored
5,None,-372.75,13.00,0.00,0.00,13.07,13.07,AIScored
5,None,-372.75,13.00,0.00,0.00,13.07,13.07,AIScored
5,None,-372.75,13.00,0.00,0.00,13.07,13.07,AIScored
5,None,-372.75,13.00,0.00,0.00,13.07,13.07,AIScored
5,None,-372.71,13.01,0.00,18.94,13.07,13.07,AIScored
5,None,-372.75,13.00,0.00,0.20,13.07,13.07,AIScored
5,None,-372.75,13.00,0.00,0.00,13.07,13.07,AIScored
5,None,-372.75,13.00,0.00,0.00,13.07,13.07,AIScored
5,None,-372.75,13.00,0.00,0.00,13.07,13.07,AIScored
5,None,-372.75,13.00,0.00,0.00,13.07,13.07,AIScored
5,None,-372.71,13.01,0.01,18.94,13.07,13.07,AIScored
5,None,-372.75,13.00,0.00,0.20,13.07,13.07,AIScored
5,None,-372.75,13.00,0.00,0.00,13.07,13.07,AIScored
5,None,-372.75,13.00,0.00,0.00,13.07,13.07,AIScored
5,None,-372.75,13.00,0.00,0.00,13.07,13.07,AIScored
5,None,-372.66,13.06,0.11,0.00,13.07,13.07,AIScored
5,None,-372.73,13.01,0.01,18.94,13.07,13.07,AIScored
6,None,-372.75,13.00,0.00,0.00,13.07,13.07,AIScored
6,None,-372.72,13.00,0.01,15.48,13.07,13.07,AIScored
6,None,-372.76,12.99,0.00,0.39,13.07,13.07,AIScored
6,None,-372.75,13.00,0.00,0.39,13.07,13.07,AIScored
6,None,-372.75,13.00,0.00,0.00,13.07,13.07,AIScored
6,None,-372.75,13.00,0.00,0.00,13.07,13.07,AIScored
6,None,-372.75,13.00,0.00,0.00,13.07,13.07,AIScored
6,None,-372.72,13.00,-0.02,15.49,13.07,13.07,AIScored
6,None,-372.75,12.99,0.00,0.39,13.07,13.07,AIScored
6,None,-372.75,13.00,0.00,0.00,13.07,13.07,AIScored
6,None,-372.75,13.00,0.00,19.00,13.07,13.07,AIScored
6,None,-372.75,13.00,0.00,0.00,13.07,13.07,AIScored
6,None,-372.75,13.00,0.00,0.00,13.07,13.07,AIScored
6,None,-372.75,13.00,0.00,9.83,13.07,13.07,AIScored
6,None,-372.75,13.00,0.00,0.00,13.07,13.07,AIScored
6,None,-372.74,13.01,0.01,18.94,13.07,13.07,AIScored
6,None,-372.75,13.00,0.00,0.00,13.07,13.07,AIScored
6,None,-372.75,13.00,0.00,0.00,13.07,13.07,AIScored
6,None,-372.75,13.00,0.00,0.00,13.07,13.07,AIScored
7,None,-372.76,13.01,0.00,9.84,13.07,13.07,AIScored
7,None,-372.75,13.00,0.00,0.00,13.07,13.07,AIScored
7,None,-372.75,13.00,0.00,18.94,13.07,13.07,AIScored
7,None,-372.75,13.00,0.00,0.00,13.07,13.07,AIScored
7,None,-372.77,13.00,0.00,18.94,13.07,13.07,AIScored
7,None,-372.75,13.00,0.00,0.00,13.07,13.07,AIScored
7,None,-372.75,13.00,0.00,0.00,13.07,13.07,AIScored
7,None,-372.75,13.00,0.00,0.00,13.07,13.07,AIScored
7,None,-372.28,13.19,-0.10,18.94,13.07,13.07,AIScored
7,None,-372.75,13.00,0.00,0.00,13.07,13.07,AIScored
7,None,-372.75,13.00,0.00,18.94,13.07,13.07,AIScored
7,None,-372.73,13.01,0.01,0.00,13.07,13.07,AIScored
7,None,-372.75,13.00,0.00,0.00,13.07,13.07,AIScored
7,None,-372.75,13.00,0.00,0.00,13.07,13.07,AIScored
7,None,-372.26,13.19,0.13,18.94,13.07,13.07,AIScored
0,None,26.91,-1.06,9.79,14.60,13.07,13.07,AIScored
0,None,-374.17,13.29,0.40,18.74,13.07,13.07,AIScored
0,None,-371.32,13.40,0.38,18.74,13.07,13.07,AIScored
0,None,-371.42,13.40,-0.64,18.74,13.07,13.07,AIScored
0,None,-374.23,13.40,0.18,18.74,13.07,13.07,AIScored
0,None,-374.24,13.40,0.08,18.74,13.07,13.07,AIScored
0,None,-371.30,13.41,-0.36,18.74,13.07,13.07,AIScored
0,None,-371.36,13.40,0.44,18.74,13.07,13.07,AIScored
0,None,-371.99,13.41,0.04,18.79,13.07,13.07,AIScored
0,None,-371.47,13.40,-0.70,18.74,13.07,13.07,AIScored
0,None,-372.01,13.42,-0.18,18.79,13.07,13.07,AIScored
0,None,-371.28,13.40,0.04,18.74,13.07,13.07,AIScored
0,None,-371.31,13.41,0.40,18.74,13.07,13.07,AIScored
0,None,-373.49,13.41,0.11,18.79,13.07,13.07,AIScored
0,None,-374.13,13.41,0.59,18.74,13.07,13.07,AIScored
0,None,-371.31,13.41,0.17,18.79,13.07,13.07,AIScored
1,None,-371.29,13.41,-0.23,18.74,13.07,13.07,AIScored
1,None,-371.76,13.31,0.52,18.79,13.07,13.07,AIScored
1,None,-371.37,13.43,-0.60,18.79,13.07,13.07,AIScored
1,None,-371.66,13.32,0.41,18.79,13.07,13.07,AIScored
1,None,-373.84,13.31,-0.13,18.79,13.07,13.07,AIScored
1,None,-372.01,13.21,0.19,18.84,13.07,13.07,AIScored
1,None,-371.66,13.30,0.08,18.79,13.07,13.07,AIScored
1,None,-372.06,13.21,-0.30,18.84,13.07,13.07,AIScored
1,None,-373.14,13.32,-0.10,18.84,13.07,13.07,AIScored
1,None,-372.02,13.22,0.20,18.84,13.07,13.07,AIScored
1,None,-373.42,13.21,-0.32,18.84,13.07,13.07,AIScored
1,None,-373.41,13.21,0.36,18.84,13.07,13.07,AIScored
1,None,-372.09,13.21,-0.31,18.84,13.07,13.07,AIScored
1,None,-372.07,13.22,0.34,18.89,13.07,13.07,AIScored
1,None,-373.43,13.21,0.32,18.84,13.07,13.07,AIScored
1,None,-373.14,13.11,0.06,18.89,13.07,13.07,AIScored
1,None,-373.47,13.22,0.26,18.84,13.07,13.07,AIScored
1,None,-372.43,13.11,0.18,18.89,13.07,13.07,AIScored
2,None,-372.75,13.00,0.00,0.00,13.07,13.07,AIScored
2,None,-372.41,13.11,-0.19,18.89,13.07,13.07,AIScored
2,None,-372.37,13.11,0.03,18.89,13.07,13.07,AIScored
2,None,-373.13,13.11,0.01,18.89,13.07,13.07,AIScored
2,None,-373.12,13.11,0.06,18.89,13.07,13.07,AIScored
2,None,-372.39,13.11,0.05,18.94,13.07,13.07,AIScored
2,None,-373.13,13.11,0.12,18.89,13.07,13.07,AIScored
2,None,-372.72,13.01,0.01,18.94,13.07,13.07,AIScored
2,None,-372.40,13.11,0.15,18.89,13.07,13.07,AIScored
2,None,-372.72,13.01,0.00,18.94,13.07,13.07,AIScored
2,None,-373.11,13.11,0.06,18.94,13.07,13.07,AIScored
2,None,-372.75,13.00,0.00,18.94,13.07,13.07,AIScored
2,None,-372.73,13.00,-0.01,18.94,13.07,13.07,AIScored
2,None,-372.77,13.00,0.00,18.94,13.07,13.07,AIScored
2,None,-372.74,13.00,0.00,18.94,13.07,13.07,AIScored
2,None,-373.09,13.11,0.17,18.94,13.07,13.07,AIScored
2,None,-372.76,13.00,0.00,18.94,13.07,13.07,AIScored
2,None,-372.72,13.01,0.01,18.94,13.07,13.07,AIScored
3,None,-372.74,13.00,0.01,18.94,13.07,13.07,AIScored
3,None,-372.76,13.00,0.00,18.94,13.07,13.07,AIScored
3,None,-372.72,13.01,0.00,18.94,13.07,13.07,AIScored
3,None,-372.73,13.01,0.01,18.94,13.07,13.07,AIScored
3,None,-372.75,13.00,0.00,0.00,13.07,13.07,AIScored
3,None,-372.75,13.00,0.00,0.00,13.07,13.07,AIScored
3,None,-372.74,13.01,-0.01,18.94,13.07,13.07,AIScored
3,None,-372.77,13.00,0.00,18.94,13.07,13.07,AIScored
3,None,-372.74,13.00,0.00,18.94,13.07,13.07,AIScored
3,None,-372.76,13.00,0.00,18.94,13.07,13.07,AIScored
3,None,-372.75,13.00,0.00,0.00,13.07,13.07,AIScored
3,None,-372.75,13.00,0.00,0.00,13.07,13.07,AIScored
3,None,-372.74,13.00,0.00,18.94,13.07,13.07,AIScored
3,None,-372.71,13.01,0.01,18.94,13.07,13.07,AIScored
3,None,-372.73,13.01,0.01,18.94,13.07,13.07,AIScored
3,None,-372.79,13.01,-0.02,18.94,13.07,13.07,AIScored
3,None,-372.75,13.00,0.00,0.00,13.07,13.07,AIScored
4,None,-372.75,13.00,0.00,0.00,13.07,13.07,AIScored
4,None,-372.75,13.00,0.00,0.00,13.07,13.07,AIScored
4,None,-372.74,13.00,0.01,18.94,13.07,13.07,AIScored
4,None,-372.76,13.00,0.00,18.94,13.07,13.07,AIScored
4,None,-372.74,13.01,0.01,18.94,13.07,13.07,AIScored
4,None,-372.75,13.00,0.00,0.00,13.07,13.07,AIScored
4,None,-372.75,13.00,0.00,0.00,13.07,13.07,AIScored
4,None,-372.75,13.00,0.00,0.00,13.07,13.07,AIScored
4,None,-372.77,13.00,0.01,18.94,13.07,13.07,AIScored
4,None,-372.74,13.00,0.00,18.94,13.07,13.07,AIScored
4,None,-372.76,13.00,0.00,18.94,13.07,13.07,AIScored
4,None,-372.75,13.00,0.00,0.20,13.07,13.07,AIScored
4,None,-372.75,13.00,0.00,0.00,13.07,13.07,AIScored
4,None,-372.75,13.00,0.00,0.00,13.07,13.07,AIScored
4,None,-372.76,13.00,0.00,18.94,13.07,13.07,AIScored
4,None,-372.77,13.00,0.00,18.94,13.07,13.07,AIScored
4,None,-372.81,13.02,0.03,18.94,13.07,13.07,AIScored
4,None,-372.75,13.00,0.00,0.20,13.07,13.07,AIScored
4,None,-372.75,13.00,0.00,0.00,13.07,13.07,AIScored
4,None,-372.75,13.00,0.00,0.00,13.07,13.07,AIScored
5,None,-372.76,13.00,0.00,18.94,13.07,13.07,AIScored
5,None,-372.79,13.01,0.01,18.94,13.07,13.07,AIScored
5,None,-372.72,13.01,0.00,18.94,13.07,13.07,AIScored
5,None,-372.75,13.00,0.00,0.20,13.07,13.07,AIScored
5,None,-372.75,13.00,0.00,0.00,13.07,13.07,AIScored
5,None,-372.75,13.00,0.00,0.00,13.07,13.07,AIScored
5,None,-372.75,13.00,0.00,18.94,13.07,13.07,AIScored
5,None,-372.72,13.01,-0.01,18.94,13.07,13.07,AIScored
5,None,-372.75,13.00,0.00,0.00,13.07,13.07,AIScored
5,None,-372.75,13.00,0.00,0.20,13.07,13.07,AIScored
5,None,-372.75,13.00,0.00,0.00,13.07,13.07,AIScored
5,None,-372.75,13.00,0.00,0.00,13.07,13.07,AIScored
5,None,-372.75,13.00,0.00,0.00,13.07,13.07,AIScored
5,None,-372.75,13.00,0.00,18.94,13.07,13.07,AIScored
5,None,-372.75,13.00,0.00,0.00,13.07,13.07,AIScored
5,None,-372.75,13.00,0.00,0.20,13.07,13.07,AIScored
5,None,-372.75,13.00,0.00,0.00,13.07,13.07,AIScored
5,None,-372.75,13.00,0.00,0.00,13.07,13.07,AIScored
0,None,28.32,2.23,7.90,12.60,-0.08,0.00,AIScored
0,None,66.09,2.69,-26.14,17.60,-0.27,0.00,AIScored
0,None,0.00,2.00,0.00,0.00,-0.43,0.00,AIScored
0,None,66.21,4.06,-21.29,16.81,-0.63,0.00,AIScored
0,AI,0.00,2.00,0.00,0.00,-0.80,0.00,AIScored
0,None,-66.17,4.26,-19.60,16.60,-0.99,0.00,AIScored
0,AI,0.00,1.99,0.00,0.00,-1.20,0.00,AIScored
0,Player,-66.39,4.79,2.89,19.17,-11.57,-4.65,PlayerScored
0,None,0.00,2.00,0.00,0.00,20.76,-3.45,AIScored
0,AI,66.80,9.92,-37.44,21.45,29.17,-1.09,AIScored
0,None,0.00,2.00,0.00,0.00,3.86,-0.77,AIScored
0,AI,66.96,10.78,-39.36,23.44,3.76,-20.00,AIScored
0,None,0.00,2.00,0.00,0.00,3.76,-20.00,AIScored
0,Player,33.47,2.90,-28.41,11.84,3.76,-20.00,PlayerScored
0,None,28.91,2.23,5.33,12.60,-0.05,-10.84,AIScored
0,None,66.06,6.39,7.52,15.37,-6.84,-3.58,AIScored
0,Player,0.00,1.99,0.00,0.00,-6.97,9.51,PlayerScored
0,None,-66.10,-0.50,-33.59,19.30,-6.95,18.34,AIScored
0,None,0.00,2.00,0.00,0.00,-6.95,6.51,AIScored
0,None,66.03,2.19,-27.66,17.87,-6.95,-3.73,AIScored
0,None,0.00,1.99,0.00,0.00,5.68,-1.12,AIScored
0,None,-66.16,0.90,30.54,18.57,7.00,18.79,AIScored
0,Player,0.00,1.99,0.00,0.00,6.97,-16.63,PlayerScored
0,None,-66.09,5.87,12.40,15.71,7.00,-16.63,AIScored
0,Player,0.00,1.99,0.00,0.00,6.96,-4.81,PlayerScored
0,AI,0.00,1.99,0.00,0.00,-0.74,5.60,AIScored
0,None,66.24,6.23,-8.04,15.49,7.00,5.60,AIScored
0,None,65.31,0.63,32.82,0.78,6.93,6.93,AIScored
0,None,-66.25,5.32,-15.30,16.06,6.93,-2.48,AIScored
0,Player,7.09,3.13,-0.79,13.46,6.89,-10.07,PlayerScored
0,None,-66.01,1.96,28.32,18.01,7.00,-7.93,AIScored
0,None,-66.16,4.81,-21.01,16.64,-0.11,2.15,AIScored
0,AI,0.00,1.99,0.00,0.00,8.86,25.02,AIScored
0,None,-66.21,6.56,-1.88,15.27,-15.12,14.10,AIScored
0,None,-66.16,5.50,14.62,15.94,19.07,7.11,AIScored
0,None,-32.29,2.30,7.42,12.47,30.00,-2.63,AIScored
0,None,65.97,-1.21,-37.92,16.58,-8.43,20.30,AIScored
0,None,0.00,2.00,0.00,0.00,-8.43,-23.01,AIScored
0,None,-66.18,2.93,-25.19,17.46,-10.60,-18.06,AIScored
0,Player,0.00,2.00,0.00,0.00,-21.45,-18.06,PlayerScored
0,None,-66.20,5.68,-13.19,15.83,-21.45,-18.06,AIScored
0,None,-66.23,6.56,-1.20,15.27,-21.45,-18.06,AIScored
0,None,-31.23,2.29,-11.01,12.49,-21.45,-18.06,AIScored
0,None,-66.24,5.08,16.67,16.18,-21.45,-18.06,AIScored
0,None,0.00,2.00,0.00,0.00,-21.45,-18.06,AIScored
0,None,66.05,1.45,29.47,18.29,-21.45,-18.06,AIScored
0,None,0.00,1.99,0.00,0.00,-21.45,-18.06,AIScored
1,Player,-66.44,5.24,14.03,20.05,-21.45,-18.06,PlayerScored
1,AI,36.46,7.85,-51.18,35.17,-21.45,-18.06,AIScored
0,None,-66.10,4.19,23.55,17.01,-6.47,1.24,AIScored
0,Player,-57.59,-0.80,3.28,17.03,-3.84,-6.36,PlayerScored
0,None,66.00,2.44,27.06,17.73,-3.84,-4.10,AIScored
0,None,29.34,2.23,-1.67,12.60,0.00,-1.34,AIScored
0,AI,66.72,12.16,-46.35,21.98,1.38,-30.00,AIScored
0,None,-34.42,2.22,14.95,11.97,0.00,0.00,AIScored
0,None,-66.16,0.37,31.70,18.86,0.00,0.00,AIScored
0,None,-66.15,-0.24,32.99,19.15,0.00,0.00,AIScored
0,None,27.21,2.23,11.14,12.60,0.00,0.00,AIScored
0,None,29.18,2.23,3.45,12.60,0.00,0.00,AIScored
0,AI,51.78,-0.32,-50.42,27.60,-3.84,-2.88,AIScored
0,AI,52.08,-0.43,-49.23,26.21,0.80,-2.88,AIScored
0,AI,66.86,12.51,-48.44,23.03,9.89,-2.88,AIScored
0,None,-65.99,0.91,-30.87,18.57,-26.65,-9.70,AIScored
0,AI,23.41,11.16,-51.11,34.95,-20.43,-9.70,AIScored
0,None,-35.95,2.22,-10.78,11.97,-3.73,-2.26,AIScored
0,Player,-63.56,-0.25,28.27,26.54,15.10,-21.74,PlayerScored
0,Player,-39.31,2.43,8.78,14.04,-15.17,18.68,PlayerScored
0,Player,-59.91,-0.59,16.41,17.55,-15.17,19.70,PlayerScored
0,None,-66.22,6.56,1.91,15.27,-8.44,23.50,AIScored
0,Player,15.92,3.20,7.39,20.46,17.87,23.50,PlayerScored
0,Player,19.47,-0.56,44.27,19.90,30.05,23.50,PlayerScored
0,Player,13.99,3.28,3.34,15.39,-26.93,22.17,PlayerScored
0,Player,0.10,2.95,26.44,9.54,33.86,-23.15,PlayerScored
0,Player,6.88,3.40,23.75,18.45,32.71,24.70,PlayerScored
0,Player,8.06,3.30,1.63,18.62,-14.17,-1.59,PlayerScored
0,Player,7.77,3.32,24.75,17.54,29.22,24.35,PlayerScored
0,Player,4.29,3.27,30.69,18.00,29.22,-12.33,PlayerScored
0,Player,-0.73,2.92,12.23,14.41,8.55,-15.24,PlayerScored
0,Player,-66.86,12.54,-26.55,19.57,10.45,-7.69,PlayerScored
0,None,29.37,2.23,0.78,12.60,0.00,2.83,AIScored
0,AI,-0.35,3.11,0.03,10.76,6.71,0.72,AIScored
0,None,66.25,5.28,-14.33,15.99,6.71,0.72,AIScored
0,AI,-20.28,3.34,-16.12,16.20,17.92,12.94,AIScored
0,AI,66.28,5.83,-30.91,20.18,-0.95,7.88,AIScored
0,None,-36.23,2.22,-9.77,11.97,-14.33,-7.09,AIScored
0,AI,-33.09,2.74,-6.93,13.78,28.19,-23.16,AIScored
0,None,26.37,2.23,-13.00,12.60,-0.70,0.00,AIScored
0,None,66.16,3.63,-23.00,17.06,-15.20,0.00,AIScored
0,Player,-1.39,18.10,20.31,3.91,25.17,17.66,PlayerScored
0,None,-37.04,2.22,5.98,11.97,2.92,0.00,AIScored
0,Player,2.54,3.38,-3.36,16.24,-10.61,13.82,PlayerScored
0,Player,-38.81,2.51,13.83,14.10,12.49,-21.46,PlayerScored
0,Player,-36.25,2.94,16.21,14.92,28.22,-21.46,PlayerScored
0,Player,-33.74,2.88,18.62,14.53,19.66,-21.46,PlayerScored
0,None,66.17,4.90,17.84,16.31,19.66,-2.99,AIScored
0,Player,3.67,3.18,0.50,13.06,19.66,-1.46,PlayerScored
0,AI,66.27,20.69,-30.64,15.79,19.66,-1.46,AIScored
0,AI,66.16,20.07,-21.00,14.70,19.66,-1.46,AIScored
0,None,66.10,5.69,13.69,15.83,19.66,-1.46,AIScored
0,None,66.06,4.49,20.06,16.55,19.66,-1.46,AIScored
1,None,66.13,0.38,31.72,18.86,19.66,-1.46,AIScored
1,None,-66.19,3.86,-22.11,16.93,19.66,-1.46,AIScored
1,None,66.13,5.51,14.71,15.94,19.66,-1.46,AIScored
1,None,66.12,2.45,26.76,17.73,19.66,-1.46,AIScored
1,None,-66.14,5.68,-13.51,15.83,19.66,-1.46,AIScored
1,Player,-34.55,2.98,3.25,13.74,19.66,-1.46,PlayerScored
1,Player,-63.48,-4.48,-25.19,22.15,19.66,-1.46,PlayerScored
1,Player,9.59,3.49,-17.38,16.23,19.66,-1.46,PlayerScored
1,None,-66.19,6.56,2.52,15.27,19.66,-1.46,AIScored
1,Player,-34.42,2.99,-2.57,13.73,19.66,-1.46,PlayerScored
1,AI,66.12,20.66,-29.44,13.70,19.66,-1.46,AIScored
1,AI,66.33,20.05,-25.39,15.39,19.66,-1.46,AIScored
1,AI,66.25,20.37,-23.85,14.25,19.66,-1.46,AIScored
1,None,66.09,0.08,-32.47,19.00,19.66,-1.46,AIScored
1,None,-66.07,6.57,4.55,15.27,19.66,-1.46,AIScored
1,AI,66.18,20.67,-27.66,13.76,19.66,-1.46,AIScored
2,None,66.18,0.09,32.24,19.00,19.66,-1.46,AIScored
2,Player,6.31,2.78,5.43,13.98,19.66,-1.46,PlayerScored
2,None,66.03,2.93,25.61,17.46,19.66,-1.46,AIScored
2,None,-66.21,3.61,-22.92,17.06,19.66,-1.46,AIScored
2,None,-66.22,5.87,-11.67,15.71,19.66,-1.46,AIScored
2,None,-66.08,5.87,-12.48,15.71,19.66,-1.46,AIScored
2,None,66.08,-1.97,-36.32,20.04,19.66,-1.46,AIScored
2,None,-66.07,6.39,7.42,15.37,19.66,-1.46,AIScored
2,None,66.14,2.70,25.99,17.60,19.66,-1.46,AIScored
2,None,66.04,5.11,17.30,16.18,19.66,-1.46,AIScored
2,None,-65.97,-1.95,-36.49,20.04,19.66,-1.46,AIScored
2,None,66.06,1.94,-28.24,18.01,19.66,-1.46,AIScored
2,Player,5.64,2.97,2.57,13.74,19.66,-1.46,PlayerScored
2,None,66.15,5.30,15.82,16.06,19.66,-1.46,AIScored
2,None,-66.25,2.14,-27.28,17.87,19.66,-1.46,AIScored
2,None,66.09,2.92,-25.45,17.46,19.66,-1.46,AIScored
2,None,-66.10,6.57,-3.90,15.27,19.66,-1.46,AIScored
2,None,65.89,7.53,20.37,15.73,19.66,-1.46,AIScored
3,None,66.05,4.91,18.24,16.31,19.66,-1.46,AIScored
3,None,-66.06,6.56,-4.75,15.27,19.66,-1.46,AIScored
3,Player,-40.04,2.98,-30.35,15.08,19.66,-1.46,PlayerScored
3,None,-66.06,2.93,-25.54,17.46,19.66,-1.46,AIScored
3,None,66.09,5.11,17.12,16.18,19.66,-1.46,AIScored
3,None,65.98,1.95,-28.42,18.01,19.66,-1.46,AIScored
3,None,-66.22,6.56,1.06,15.27,19.66,-1.46,AIScored
3,None,-66.11,2.92,-25.40,17.46,19.66,-1.46,AIScored
3,AI,66.29,19.74,-22.15,15.65,19.66,-1.46,AIScored
3,Player,3.96,3.04,29.09,15.23,19.66,-1.46,PlayerScored
3,None,-66.20,6.39,6.19,15.37,19.66,-1.46,AIScored
3,AI,66.27,20.63,-32.19,15.39,19.66,-1.46,AIScored
3,None,-66.29,6.39,5.18,15.37,19.66,-1.46,AIScored
3,None,66.14,0.92,30.53,18.57,19.66,-1.46,AIScored
3,None,-66.16,6.05,10.55,15.60,19.66,-1.46,AIScored
0,AI,-56.32,17.08,7.34,5.52,11.86,-6.51,AIScored
0,Player,-66.01,1.65,21.07,20.65,29.61,-21.95,PlayerScored
0,None,0.00,13.00,0.00,0.00,0.00,0.00,AIScored
0,None,0.00,13.00,0.00,0.00,0.00,0.00,AIScored
0,None,0.00,13.00,0.00,0.00,0.00,0.00,AIScored
0,None,0.00,13.00,0.00,0.00,0.00,0.00,AIScored
0,None,0.00,13.00,0.00,0.00,0.00,0.00,AIScored
0,None,0.00,13.00,0.00,0.00,0.00,0.00,AIScored
0,None,0.00,13.00,0.00,0.00,0.00,0.00,AIScored
0,None,0.00,13.00,0.00,0.00,0.00,0.00,AIScored
0,None,0.00,13.00,0.00,0.00,0.00,0.00,AIScored
0,None,0.00,13.00,0.00,0.00,0.00,0.00,AIScored
0,None,0.00,13.00,0.00,0.00,0.00,0.00,AIScored
0,None,0.00,13.00,0.00,0.00,0.00,0.00,AIScored
0,None,0.00,13.00,0.00,0.00,0.00,0.00,AIScored
0,None,0.00,13.00,0.00,0.00,0.00,0.00,AIScored
0,None,0.00,13.00,0.00,0.00,0.00,0.00,AIScored
0,None,0.00,13.00,0.00,0.00,0.00,0.00,AIScored
0,None,0.00,13.00,0.00,0.00,0.00,0.00,AIScored
0,None,0.00,13.00,0.00,0.00,0.00,0.00,AIScored
0,None,0.00,13.00,0.00,0.00,0.00,0.00,AIScored
0,None,0.00,13.00,0.00,0.00,0.00,0.00,AIScored
0,None,0.00,13.00,0.00,0.00,0.00,0.00,AIScored
0,None,0.00,13.00,0.00,0.00,0.00,0.00,AIScored
0,None,0.00,13.00,0.00,0.00,0.00,0.00,AIScored
0,None,0.00,13.00,0.00,0.00,0.00,0.00,AIScored
0,None,0.00,13.00,0.00,0.00,0.00,0.00,AIScored
0,None,0.00,13.00,0.00,0.00,0.00,0.00,AIScored
0,None,0.00,13.00,0.00,0.00,0.00,0.00,AIScored
0,None,0.00,13.00,0.00,0.00,0.00,0.00,AIScored
0,None,0.00,13.00,0.00,0.00,0.00,0.00,AIScored
0,None,0.00,13.00,0.00,0.00,0.00,0.00,AIScored
0,None,0.00,13.00,0.00,0.00,0.00,0.00,AIScored
0,None,0.00,13.00,0.00,0.00,0.00,0.00,AIScored
0,None,-37.53,2.22,-0.45,11.97,0.00,4.64,AIScored
0,None,66.25,5.88,11.45,15.71,13.76,-3.53,AIScored
0,AI,66.03,18.68,1.54,13.26,-2.96,-0.74,AIScored
0,None,0.00,13.00,0.00,0.00,0.00,0.00,AIScored
0,None,0.00,13.00,0.00,0.00,0.00,0.00,AIScored
0,None,0.00,13.00,0.00,0.00,0.00,0.00,AIScored
0,None,0.00,13.00,0.00,0.00,0.00,0.00,AIScored
0,None,0.00,13.00,0.00,0.00,0.00,0.00,AIScored
0,None,0.00,13.00,0.00,0.00,0.00,0.00,AIScored
0,None,0.00,13.00,0.00,0.00,0.00,0.00,AIScored
0,None,0.00,13.00,0.00,0.00,0.00,0.00,AIScored
0,None,0.00,13.00,0.00,0.00,0.00,0.00,AIScored
0,None,0.00,13.00,0.00,0.00,0.00,0.00,AIScored
0,None,0.00,13.00,0.00,0.00,0.00,0.00,AIScored
0,None,0.00,13.00,0.00,0.00,0.00,0.00,AIScored
0,None,0.00,13.00,0.00,0.00,0.00,0.00,AIScored
0,None,-34.92,2.22,-13.75,11.97,0.00,-10.31,AIScored
0,AI,66.41,20.57,-22.31,14.21,-23.25,-22.10,AIScored
0,AI,66.17,18.46,-24.03,16.46,32.07,-22.75,AIScored
0,None,-34.62,2.22,-14.46,11.97,-17.21,0.00,AIScored
0,AI,66.14,9.96,-14.61,19.09,24.36,-14.34,AIScored
0,None,28.72,2.23,-6.27,12.60,0.00,-5.33,AIScored
0,AI,-65.34,5.49,-9.63,17.08,11.13,-1.30,AIScored
0,Player,51.32,3.37,8.38,17.28,33.84,-10.45,PlayerScored
0,Player,35.42,3.77,-25.56,17.87,33.84,-17.10,PlayerScored
0,Player,-66.01,17.68,24.50,13.20,28.03,22.73,PlayerScored
0,None,-35.04,2.22,13.41,11.97,18.47,0.00,AIScored
0,AI,-6.25,3.27,-26.82,16.84,-26.93,0.00,AIScored
0,None,18.00,2.15,-9.35,13.35,0.00,0.00,AIScored
0,Player,-41.36,3.14,22.50,16.43,19.55,-23.79,PlayerScored
0,Player,-40.21,3.04,24.58,16.13,5.11,-23.79,PlayerScored
0,None,-25.69,2.14,-2.33,12.53,0.00,0.00,AIScored
0,Player,-56.26,-4.81,8.15,22.67,8.59,8.36,PlayerScored
0,None,65.24,-4.35,-31.82,20.79,8.59,8.36,AIScored
0,None,66.10,1.72,-12.82,17.67,8.59,8.36,AIScored
0,None,65.46,-4.36,31.38,20.79,8.59,8.36,AIScored
0,None,66.23,1.95,-10.70,17.54,8.59,8.36,AIScored
0,Player,-55.79,-4.92,18.29,22.82,8.59,8.36,PlayerScored
0,None,-66.09,2.89,-0.54,17.00,8.59,8.36,AIScored
0,None,-64.15,-4.37,33.99,20.79,8.59,8.36,AIScored
0,Player,-46.83,3.27,5.79,15.92,3.14,-16.05,PlayerScored
0,AI,-65.59,21.62,15.24,8.68,12.36,-10.21,AIScored
0,Player,-51.52,3.02,30.15,17.24,25.65,-25.02,PlayerScored
0,None,-65.73,-4.35,-30.79,20.79,-26.93,-29.19,AIScored
0,Player,-65.99,16.96,10.83,16.05,12.69,-1.99,PlayerScored
0,None,18.85,2.15,-7.49,13.35,0.00,0.00,AIScored
0,AI,38.64,3.23,-24.24,16.36,30.48,-26.05,AIScored
0,None,63.10,-4.34,35.86,20.79,30.48,-5.35,AIScored
0,None,-23.87,2.14,9.74,12.53,-1.99,0.00,AIScored
0,Player,-49.65,3.26,31.98,17.47,30.58,-33.06,PlayerScored
0,AI,36.16,2.55,-13.02,14.26,30.04,-24.36,AIScored
0,None,66.08,2.91,0.13,17.00,30.04,1.64,AIScored
0,None,0.00,13.00,0.00,0.00,0.00,0.00,AIScored
0,None,0.00,13.00,0.00,0.00,0.00,0.00,AIScored
0,None,0.00,13.00,0.00,0.00,0.00,0.00,AIScored
0,None,0.00,13.00,0.00,0.00,0.00,0.00,AIScored
0,None,0.00,13.00,0.00,0.00,0.00,0.00,AIScored
0,None,0.00,13.00,0.00,0.00,0.00,0.00,AIScored
0,None,0.00,13.00,0.00,0.00,0.00,0.00,AIScored
0,None,0.00,13.00,0.00,0.00,0.00,0.00,AIScored
0,None,0.00,13.00,0.00,0.00,0.00,0.00,AIScored
0,None,0.00,13.00,0.00,0.00,0.00,0.00,AIScored
